Year,Population (millions),Labor Force Participation Rate (%),Employment Rate (%),Underemployment Rate (%),Unemployment Rate (%),Labor Force Participation (millions),Employed (millions),Underemployed (millions),Unemployed (millions)
2019,108.1,61.3,94.9,13.8,5.1,66.2653,62.8857697,8.6782362186,3.3795302999999994
2020,109.6,59.5,89.7,16.2,10.3,65.212,58.495164,9.476216568,6.716836000000001
2021,111.0,63.3,92.2,15.9,7.8,70.26299999999999,64.78248599999999,10.300415273999999,5.480513999999999
2022,112.3,64.7,94.6,14.2,5.4,72.6581,68.7345626,9.7603078892,3.9235374000000007
2023,113.6,64.9,95.7,12.3,4.3,73.7264,70.55616479999999,8.678408270399999,3.1702351999999996
